"SellerID","SellerCity","SellerState"
"1","seller_city","seller_state"
"2","campinas","SP"
"3","mogi guacu","SP"
"4","rio de janeiro","RJ"
"5","sao paulo","SP"
"6","braganca paulista","SP"
"7","brejao","PE"
"8","penapolis","SP"
"9","curitiba","PR"
"10","anapolis","GO"
"11","itirapina","SP"
"12","tubarao","SC"
"13","lauro de freitas","BA"
"14","imbituba","SC"
"15","brasilia","DF"
"16","porto seguro","BA"
"17","guaruja","SP"
"18","tabatinga","SP"
"19","salto","SP"
"20","tres de maio","RS"
"21","belo horizonte","MG"
"22","arapongas","PR"
"23","sao bernardo do campo","SP"
"24","tatui","SP"
"25","garopaba","SC"
"26","camanducaia","MG"
"27","tupa","SP"
"28","guarulhos","SP"
"29","sao jose dos pinhais","PR"
"30","sao ludgero","SC"
"31","sao jose","SC"
"32","piracicaba","SP"
"33","porto alegre","RS"
"34","congonhal","MG"
"35","santo andre","SP"
"36","osasco","SP"
"37","valinhos","SP"
"38","joinville","SC"
"39","saquarema","RJ"
"40","barra velha","SC"
"41","petropolis","RJ"
"42","santo antonio da patrulha","RS"
"43","ponta grossa","PR"
"44","santana de parnaiba","SP"
"45","sao carlos","SP"
"46","ibitinga","SP"
"47","barueri","SP"
"48","caxias do sul","SP"
"49","araguari","MG"
"50","contagem","MG"
"51","jaragua do sul","SC"
"52","lages - sc","SC"
"53","bento goncalves","RS"
"54","catanduva","SP"
"55","ribeirao pires","SP"
"56","jaboticabal","SP"
"57","echapora","SP"
"58","cotia","SP"
"59","rio do sul","SC"
"60","sorocaba","SP"
"61","pradopolis","SP"
"62","itaborai","RJ"
"63","mirassol","SP"
"64","birigui","SP"
"65","assis","SP"
"66","jaguariuna","SP"
"67","araraquara","SP"
"68","macae","RJ"
"69","rio claro","SP"
"70","londrina","PR"
"71","ribeirao preto","SP"
"72","rio de janeiro","RN"
"73","tres coracoes","MG"
"74","nhandeara","SP"
"75","orleans","SC"
"76","cuiaba","MT"
"77","formosa do oeste","PR"
"78","santos","SP"
"79","santa terezinha de goias","GO"
"80","arvorezinha","RS"
"81","guiricema","MG"
"82","caxias do sul","RS"
"83","caruaru","PE"
"84","franca","SP"
"85","salvador","BA"
"86","diadema","SP"
"87","itaquaquecetuba","SP"
"88","lencois paulista","SP"
"89","carapicuiba","SP"
"90","uruacu","GO"
"91","itajai","SC"
"92","loanda","PR"
"93","maringa","PR"
"94","ferraz de vasconcelos","SP"
"95","limeira","SP"
"96","claudio","MG"
"97","niteroi","RJ"
"98","osvaldo cruz","SP"
"99","sao goncalo","RJ"
"100","jaciara","MT"
"101","balenario camboriu","SC"
"102","timbo","SC"
"103","jacutinga","RS"
"104","fortaleza","CE"
"105","ferraz de  vasconcelos","SP"
"106","mirandopolis","SP"
"107","bauru","SP"
"108","jacarei","SP"
"109","itu","SP"
"110","laranjeiras do sul","SP"
"111","videira","SC"
"112","florianopolis","SC"
"113","itapecerica da serra","SP"
"114","mamanguape","PB"
"115","ponte nova","MG"
"116","goioere","SP"
"117","pederneiras","SP"
"118","itapevi","SP"
"119","goiania","GO"
"120","campina grande","PB"
"121","estancia velha","RS"
"122","resende","RJ"
"123","maua","SP"
"124","caratinga","MG"
"125","auriflama/sp","SP"
"126","cafelandia","SP"
"127","uba","MG"
"128","sao paulo / sao paulo","SP"
"129","sao jose do rio preto","SP"
"130","porto ferreira","SP"
"131","tres coroas","RS"
"132","blumenau","SC"
"133","mogi das cruzes","SP"
"134","jaci","SP"
"135","laranjal paulista","SP"
"136","americana","SP"
"137","sertanopolis","SP"
"138","apucarana","PR"
"139","colombo","PR"
"140","vicente de carvalho","SP"
"141","mesquita","RJ"
"142","sao pauo","SP"
"143","cascavel","PR"
"144","fazenda rio grande","PR"
"145","taboao da serra","SP"
"146","sao jose dos campos","SP"
"147","toledo","PR"
"148","marechal candido rondon","SP"
"149","jundiai","SP"
"150","mandirituba","PR"
"151","suzano","SP"
"152","vespasiano","MG"
"153","santa rosa","RS"
"154","sao joaquim da barra","SP"
"155","santo antonio de posse","SP"
"156","uruguaiana","RS"
"157","campanha","MG"
"158","piracanjuba","GO"
"159","concordia","SC"
"160","santa rita do sapucai","MG"
"161","barretos","SP"
"162","indaiatuba","SP"
"163","nilopolis","RJ"
"164","pompeia","SP"
"165","barro alto","BA"
"166","são paulo","SP"
"167","praia grande","SP"
"168","rio de janeiro","SP"
"169","luiz alves","SC"
"170","brusque","SC"
"171","criciuma","SC"
"172","jales","SP"
"173","atibaia","SP"
"174","rio branco","AC"
"175","barra mansa","RJ"
"176","marilia","SP"
"177","bahia","BA"
"178","taubate","SP"
"179","cascavael","PR"
"180","monteiro lobato","SP"
"181","viana","ES"
"182","paraiba do sul","RJ"
"183","mococa","SP"
"184","sao roque","SP"
"185","passos","MG"
"186","francisco beltrao","PR"
"187","tocantins","SP"
"188","porto belo","SC"
"189","nova iguacu","RJ"
"190","icara","SC"
"191","lajeado","RS"
"192","horizontina","RS"
"193","votorantim","SP"
"194","campo bom","RS"
"195","monte alto","SP"
"196","fernandopolis","SP"
"197","pedreira","SP"
"198","poa","SP"
"199","divinopolis","MG"
"200","santa barbara d´oeste","SP"
"201","canoas","RS"
"202","mombuca","SP"
"203","sete lagoas","MG"
"204","campo do meio","MG"
"205","cordeiropolis","SP"
"206","uberlandia","MG"
"207","santa barbara d oeste","SP"
"208","volta redonda","SP"
"209","04482255","RJ"
"210","aracatuba","SP"
"211","monte siao","MG"
"212","garuva","SC"
"213","bonfinopolis de minas","MG"
"214","cosmopolis","SP"
"215","pocos de caldas","MG"
"216","artur nogueira","SP"
"217","joao pessoa","PB"
"218","dois corregos","SP"
"219","araquari","SC"
"220","belo horizonte","SP"
"221","novo hamburgo, rio grande do sul, brasil","RS"
"222","floranopolis","SC"
"223","sumare","SP"
"224","guaira","PR"
"225","cachoeiro de itapemirim","ES"
"226","serrana","SP"
"227","rolandia","PR"
"228","congonhas","MG"
"229","sao  jose dos pinhais","PR"
"230","boituva","SP"
"231","mairipora","SP"
"232","guaimbe","SP"
"233","parai","RS"
"234","aperibe","RJ"
"235","jaguaruna","SC"
"236","vila velha","SP"
"237","juiz de fora","MG"
"238","fronteira","MG"
"239","novo horizonte","SP"
"240","pilar do sul","SP"
"241","itajobi","SP"
"242","cariacica / es","ES"
"243","prados","MG"
"244","mucambo","CE"
"245","montes claros","MG"
"246","vicosa","MG"
"247","porto velho","RO"
"248","sao jose do rio pardo","SP"
"249","pato branco","PR"
"250","sao joao del rei","MG"
"251","presidente prudente","SP"
"252","paracambi","RJ"
"253","serra negra","SP"
"254","sao caetano do sul","SP"
"255","juiz de fora","SP"
"256","bom jardim","RJ"
"257","serra redonda","PB"
"258","sao francisco do sul","SC"
"259","vila velha","ES"
"260","betim","MG"
"261","imbituva","PR"
"262","guaratuba","PR"
"263","porto alegre","SP"
"264","teresina","PI"
"265","sao miguel d'oeste","SC"
"266","california","PR"
"267","japira","PR"
"268","foz do iguacu","PR"
"269","nova friburgo","RJ"
"270","itau de minas","MG"
"271","oliveira","MG"
"272","sabara","MG"
"273","pedrinhas paulista","SP"
"274","votuporanga","SP"
"275","holambra","SP"
"276","ararangua","SC"
"277","pinhais","PR"
"278","pato bragado","PR"
"279","carazinho","RS"
"280","arinos","MG"
"281","sao pedro","SP"
"282","lages","SC"
"283","ampere","PR"
"284","itauna","MG"
"285","mogi mirim","SP"
"286","curitibanos","SC"
"287","brasilia df","DF"
"288","mogi das cruses","SP"
"289","hortolandia","SP"
"290","ipatinga","MG"
"291","laguna","SP"
"292","dores de campos","MG"
"293","sao paulo - sp","SP"
"294","araras","SP"
"295","divisa nova","MG"
"296","igaracu do tiete","SP"
"297","pitangueiras","SP"
"298","campo grande","MS"
"299","garca","SP"
"300","presidente epitacio","SP"
"301","sbc/sp","SP"
"302","arraial d'ajuda (porto seguro)","BA"
"303","pacatuba","CE"
"304","formosa","GO"
"305","borda da mata","MG"
"306","ubatuba","SP"
"307","entre rios do oeste","PR"
"308","formiga","MG"
"309","venancio aires","RS"
"310","navegantes","SC"
"311","cruzeiro","SP"
"312","santa maria","RS"
"313","muriae","MG"
"314","volta redonda","RJ"
"315","santo andre/sao paulo","SP"
"316","ipe","RS"
"317","messias targino","RN"
"318","varginha","MG"
"319","botucatu","SP"
"320","domingos martins","ES"
"321","uberaba","MG"
"322","coronel fabriciano","MG"
"323","cachoeirinha","RS"
"324","s jose do rio preto","SP"
"325","taruma","SP"
"326","pirassununga","SP"
"327","aruja","SP"
"328","sp / sp","SP"
"329","angra dos reis","RJ"
"330","juzeiro do norte","CE"
"331","laurentino","SC"
"332","flores da cunha","RS"
"333","montenegro","RS"
"334","pedregulho","SP"
"335","novo hamburgo","RS"
"336","torres","RS"
"337","aracaju","SE"
"338","santa catarina","SC"
"339","joao pinheiro","MG"
"340","bady bassitt","SP"
"341","sinop","MT"
"342","guarapuava","PR"
"343","araucaria","PR"
"344","vitoria","ES"
"345","batatais","SP"
"346","lagoa santa","MG"
"347","chapeco","SC"
"348","umuarama","PR"
"349","belford roxo","RJ"
"350","cariacica","ES"
"351","monte alegre do sul","SP"
"352","sp","SP"
"353","lagoa da prata","MG"
"354","rolante","RS"
"355","teresopolis","RJ"
"356","itaporanga","SP"
"357","campo largo","PR"
"358","sao joao de meriti","RJ"
"359","maua/sao paulo","SP"
"360","bom jesus dos perdoes","SP"
"361","brotas","SP"
"362","irece","BA"
"363","coxim","MS"
"364","jau","SP"
"365","conselheiro lafaiete","MG"
"366","amparo","SP"
"367","sao miguel do oeste","SC"
"368","gaspar","SC"
"369","rio bonito","RJ"
"370","mandaguari","PR"
"371","curitiba","SP"
"372","vargem grande paulista","SP"
"373","jacutinga","MG"
"374","conchal","SP"
"375","cambe","PR"
"376","marialva","PR"
"377","alfenas","MG"
"378","balneario camboriu","SC"
"379","palhoca","SC"
"380","sao bernardo do capo","SP"
"381","guara","SP"
"382","itajai","SP"
"383","colatina","ES"
"384","franco da rocha","SP"
"385","lambari","MG"
"386","mogi das cruzes / sp","SP"
"387","treze tilias","SC"
"388","rio de janeiro \rio de janeiro","RJ"
"389","paulo lopes","SC"
"390","santa cecilia","SC"
"391","braco do norte","SC"
"392","floresta","PR"
"393","farroupilha","RS"
"394","castro","PR"
"395","luziania","GO"
"396","joao monlevade","MG"
"397","pelotas","RS"
"398","sao bento","PB"
"399","campos dos goytacazes","RJ"
"400","ouro fino","MG"
"401","sao jose dos pinhas","PR"
"402","tiete","SP"
"403","viamao","RS"
"404","janauba","MG"
"405","capivari","SP"
"406","santa terezinha de itaipu","PR"
"407","igrejinha","RS"
"408","sao bento do sul","SC"
"409","duque de caxias","RJ"
"410","araxa","MG"
"411","canoinhas","SC"
"412","recife","PE"
"413","barbacena/ minas gerais","MG"
"414","vera cruz","SP"
"415","parnamirim","RN"
"416","santo angelo","RS"
"417","paincandu","PR"
"418","palhoca","SP"
"419","tres rios","RJ"
"420","tanabi","SP"
"421","portoferreira","SP"
"422","itatiba","SP"
"423","sarandi","PR"
"424","cravinhos","SP"
"425","chapeco","SP"
"426","morrinhos","GO"
"427","bebedouro","SP"
"428","almirante tamandare","PR"
"429","bertioga","SP"
"430","natal","RN"
"431","belo horizont","MG"
"432","ivoti","RS"
"433","andira-pr","PR"
"434","cerqueira cesar","SP"
"435","marapoama","SP"
"436","imigrante","RS"
"437","mairinque","SP"
"438","sao jose dos pinhais","SP"
"439","sao paulo sp","SP"
"440","rio de janeiro / rio de janeiro","RJ"
"441","andradas","SP"
"442","sando andre","SP"
"443","nova odessa","SP"
"444","paulinia","SP"
"445","extrema","MG"
"446","olimpia","SP"
"447","angra dos reis rj","RJ"
"448","ronda alta","RS"
"449","sao  paulo","SP"
"450","sao vicente","SP"
"451","pinhais/pr","PR"
"452","portao","RS"
"453","registro","SP"
"454","ao bernardo do campo","SP"
"455","carmo do cajuru","MG"
"456","embu das artes","SP"
"457","fernando prestes","SP"
"458","castro pires","MG"
"459","vargem grande do sul","SP"
"460","campina das missoes","RS"
"461","sao pedro da aldeia","RJ"
"462","miguelopolis","SP"
"463","itapui","SP"
"464","sbc","SP"
"465","londrina","SP"
"466","andradas","MG"
"467","neopolis","SE"
"468","mineiros do tiete","SP"
"469","varzea paulista","SP"
"470","nova lima","MG"
"471","barbacena","MG"
"472","caieiras","SP"
"473","buritama","SP"
"474","erechim","RS"
"475","itapetininga","SP"
"476","pinhalzinho","SC"
"477","descalvado","SP"
"478","pitanga","PR"
"479","bage","RS"
"480","taio","SC"
"481","santa barbara d'oeste","SP"
"482","patos de minas","MG"
"483","garulhos","SP"
"484","jarinu","SP"
"485","nova petropolis","RS"
"486","ribeirao preto / sao paulo","SP"
"487","camboriu","SC"
"488","nova trento","SC"
"489","sao luis","MA"
"490","sao jose do rio pret","SP"
"491","eusebio","CE"
"492","itaipulandia","PR"
"493","ipira","BA"
"494","campo magro","PR"
"495","tiradentes","MG"
"496","sao paluo","SP"
"497","baependi","MG"
"498","embu guacu","SP"
"499","florianopolis","SP"
"500","paraiso do sul","RS"
"501","aparecida","SP"
"502","cataguases","MG"
"503","ipira","SP"
"504","bariri","SP"
"505","abadia de goias","GO"
"506","alambari","SP"
"507","ji parana","RO"
"508","vassouras","RJ"
"509","lorena","SP"
"510","rodeio","SC"
"511","louveira","SP"
"512","guanhaes","MG"
"513","santo antonio de padua","RJ"
"514","presidente getulio","SC"
"515","pinhalzinho","SP"
"516","campos novos","SC"
"517","eunapolis","BA"
"518","engenheiro coelho","SP"
"519","rio das pedras","SP"
"520","afonso claudio","ES"
"521","carapicuiba / sao paulo","SP"
"522","centro","MG"
"523","parana","PR"
"524","indaial","SC"
"525","bombinhas","SC"
"526","orlandia","SP"
"527","itapeva","SP"
"528","sao sebastiao","SP"
"529","macatuba","SP"
"530","sao joao da boa vista","SP"
"531","teixeira soares","PR"
"532","mandaguacu","PR"
"533","rio do oeste","SC"
"534","vendas@creditparts.com.br","PR"
"535","armacao dos buzios","RJ"
"536","mateus leme","MG"
"537","sao paulop","SP"
"538","campo limpo paulista","SP"
"539","socorro","SP"
"540","serra","ES"
"541","bocaiuva do sul","PR"
"542","ilheus","BA"
"543","imbe","RS"
"544","soledade","RS"
"545","cajamar","SP"
"546","rio negrinho","SC"
"547","clementina","SP"
"548","francisco morato","SP"
"549","rio grande","RS"
"550","xaxim","SC"
"551","manaus","AM"
"552","terra boa","PR"
"553","minas gerais","MG"
"554","avare","SP"
"555","ibirite","MG"
"556","guaira","SP"
"557","santa maria da serra","SP"
"558","auriflama","SP"
"559","condor","RS"
"560","ibia","MG"
"561","guanambi","BA"
"562","caucaia","CE"
"563","blumenau","SP"
"564","cordilheira alta","SC"
"565","carmo da mata","MG"
"566","ouro preto","MG"
"567","pedro leopoldo","MG"
"568","santa rosa de viterbo","SP"
"569","xanxere","SC"
"570","alvares machado","SP"
"571","scao jose do rio pardo","SP"
"572","ribeirao das neves","MG"
"573","medianeira","PR"
"574","massaranduba","SC"
"575","cornelio procopio","PR"
"576","pirituba","SP"
"577","jambeiro","SP"
"578","sao leopoldo","RS"
"579","aguas claras df","SP"
"580","ribeirao pretp","SP"
"581","cianorte","PR"
"582","feira de santana","BA"
"583","cachoeira do sul","RS"
"584","guariba","SP"
"585","sao sebastiao da grama/sp","SP"
"586","dracena","SP"
"587","ourinhos","SP"
"588","rio bonito","SP"
"589","robeirao preto","SP"
"590","cacador","SC"
"591","gama","DF"
"592","queimados","RJ"
"593","cananeia","SP"
"594","presidente bernardes","SP"
"595","pinhalao","PR"
"596","sombrio","SC"
"597","campo mourao","PR"
"598","ilicinea","MG"
"599","itabira","MG"
"600","marechal candido rondon","PR"
"601","barrinha","SP"
"602","jussara","PR"
"603","marechal candido rondon","PA"
"604","pinhais","SP"
"605","uniao da vitoria","PR"
"606","triunfo","RS"
"607","santa cruz do sul","RS"
"608","colorado","PR"
"609","itapema","SC"
"610","sapiranga","RS"
"611","paranavai","PR"
"612","alvorada","RS"
"613","ipaussu","SP"
"614","rio verde","GO"
"615","mage","RJ"
"616","tabao da serra","SP"
"617","bofete","SP"
"618","picarras","SC"
"619","marica","RJ"
"620","jaragua","GO"
"621","governador valadares","MG"
"622","rio de janeiro, rio de janeiro, brasil","RJ"
"623","pouso alegre","MG"
"624","timoteo","MG"
"625","muqui","ES"
"626","ipua","SP"
"627","jacarei / sao paulo","SP"
"628","varzea alegre","CE"
"629","guaratingueta","SP"
"630","tambau","SP"
"631","irati","PR"
"632","riberao preto","SP"
"633","aparecida de goiania","GO"
"634","bandeirantes","PR"
"635","vitoria de santo antao","PE"
"636","palotina","PR"
"637","leme","SP"
"1024","seller_city","seller_state"
"1025","campinas","SP"
"1026","mogi guacu","SP"
"1027","rio de janeiro","RJ"
"1028","sao paulo","SP"
"1029","braganca paulista","SP"
"1030","brejao","PE"
"1031","penapolis","SP"
"1032","curitiba","PR"
"1033","anapolis","GO"
"1034","itirapina","SP"
"1035","tubarao","SC"
"1036","lauro de freitas","BA"
"1037","imbituba","SC"
"1038","brasilia","DF"
"1039","porto seguro","BA"
"1040","guaruja","SP"
"1041","tabatinga","SP"
"1042","salto","SP"
"1043","tres de maio","RS"
"1044","belo horizonte","MG"
"1045","arapongas","PR"
"1046","sao bernardo do campo","SP"
"1047","tatui","SP"
"1048","garopaba","SC"
"1049","camanducaia","MG"
"1050","tupa","SP"
"1051","guarulhos","SP"
"1052","sao jose dos pinhais","PR"
"1053","sao ludgero","SC"
"1054","sao jose","SC"
"1055","piracicaba","SP"
"1056","porto alegre","RS"
"1057","congonhal","MG"
"1058","santo andre","SP"
"1059","osasco","SP"
"1060","valinhos","SP"
"1061","joinville","SC"
"1062","saquarema","RJ"
"1063","barra velha","SC"
"1064","petropolis","RJ"
"1065","santo antonio da patrulha","RS"
"1066","ponta grossa","PR"
"1067","santana de parnaiba","SP"
"1068","sao carlos","SP"
"1069","ibitinga","SP"
"1070","barueri","SP"
"1071","caxias do sul","SP"
"1072","araguari","MG"
"1073","contagem","MG"
"1074","jaragua do sul","SC"
"1075","lages - sc","SC"
"1076","bento goncalves","RS"
"1077","catanduva","SP"
"1078","ribeirao pires","SP"
"1079","jaboticabal","SP"
"1080","echapora","SP"
"1081","cotia","SP"
"1082","rio do sul","SC"
"1083","sorocaba","SP"
"1084","pradopolis","SP"
"1085","itaborai","RJ"
"1086","mirassol","SP"
"1087","birigui","SP"
"1088","assis","SP"
"1089","jaguariuna","SP"
"1090","araraquara","SP"
"1091","macae","RJ"
"1092","rio claro","SP"
"1093","londrina","PR"
"1094","ribeirao preto","SP"
"1095","rio de janeiro","RN"
"1096","tres coracoes","MG"
"1097","nhandeara","SP"
"1098","orleans","SC"
"1099","cuiaba","MT"
"1100","formosa do oeste","PR"
"1101","santos","SP"
"1102","santa terezinha de goias","GO"
"1103","arvorezinha","RS"
"1104","guiricema","MG"
"1105","caxias do sul","RS"
"1106","caruaru","PE"
"1107","franca","SP"
"1108","salvador","BA"
"1109","diadema","SP"
"1110","itaquaquecetuba","SP"
"1111","lencois paulista","SP"
"1112","carapicuiba","SP"
"1113","uruacu","GO"
"1114","itajai","SC"
"1115","loanda","PR"
"1116","maringa","PR"
"1117","ferraz de vasconcelos","SP"
"1118","limeira","SP"
"1119","claudio","MG"
"1120","niteroi","RJ"
"1121","osvaldo cruz","SP"
"1122","sao goncalo","RJ"
"1123","jaciara","MT"
"1124","balenario camboriu","SC"
"1125","timbo","SC"
"1126","jacutinga","RS"
"1127","fortaleza","CE"
"1128","ferraz de  vasconcelos","SP"
"1129","mirandopolis","SP"
"1130","bauru","SP"
"1131","jacarei","SP"
"1132","itu","SP"
"1133","laranjeiras do sul","SP"
"1134","videira","SC"
"1135","florianopolis","SC"
"1136","itapecerica da serra","SP"
"1137","mamanguape","PB"
"1138","ponte nova","MG"
"1139","goioere","SP"
"1140","pederneiras","SP"
"1141","itapevi","SP"
"1142","goiania","GO"
"1143","campina grande","PB"
"1144","estancia velha","RS"
"1145","resende","RJ"
"1146","maua","SP"
"1147","caratinga","MG"
"1148","auriflama/sp","SP"
"1149","cafelandia","SP"
"1150","uba","MG"
"1151","sao paulo / sao paulo","SP"
"1152","sao jose do rio preto","SP"
"1153","porto ferreira","SP"
"1154","tres coroas","RS"
"1155","blumenau","SC"
"1156","mogi das cruzes","SP"
"1157","jaci","SP"
"1158","laranjal paulista","SP"
"1159","americana","SP"
"1160","sertanopolis","SP"
"1161","apucarana","PR"
"1162","colombo","PR"
"1163","vicente de carvalho","SP"
"1164","mesquita","RJ"
"1165","sao pauo","SP"
"1166","cascavel","PR"
"1167","fazenda rio grande","PR"
"1168","taboao da serra","SP"
"1169","sao jose dos campos","SP"
"1170","toledo","PR"
"1171","marechal candido rondon","SP"
"1172","jundiai","SP"
"1173","mandirituba","PR"
"1174","suzano","SP"
"1175","vespasiano","MG"
"1176","santa rosa","RS"
"1177","sao joaquim da barra","SP"
"1178","santo antonio de posse","SP"
"1179","uruguaiana","RS"
"1180","campanha","MG"
"1181","piracanjuba","GO"
"1182","concordia","SC"
"1183","santa rita do sapucai","MG"
"1184","barretos","SP"
"1185","indaiatuba","SP"
"1186","nilopolis","RJ"
"1187","pompeia","SP"
"1188","barro alto","BA"
"1189","são paulo","SP"
"1190","praia grande","SP"
"1191","rio de janeiro","SP"
"1192","luiz alves","SC"
"1193","brusque","SC"
"1194","criciuma","SC"
"1195","jales","SP"
"1196","atibaia","SP"
"1197","rio branco","AC"
"1198","barra mansa","RJ"
"1199","marilia","SP"
"1200","bahia","BA"
"1201","taubate","SP"
"1202","cascavael","PR"
"1203","monteiro lobato","SP"
"1204","viana","ES"
"1205","paraiba do sul","RJ"
"1206","mococa","SP"
"1207","sao roque","SP"
"1208","passos","MG"
"1209","francisco beltrao","PR"
"1210","tocantins","SP"
"1211","porto belo","SC"
"1212","nova iguacu","RJ"
"1213","icara","SC"
"1214","lajeado","RS"
"1215","horizontina","RS"
"1216","votorantim","SP"
"1217","campo bom","RS"
"1218","monte alto","SP"
"1219","fernandopolis","SP"
"1220","pedreira","SP"
"1221","poa","SP"
"1222","divinopolis","MG"
"1223","santa barbara d´oeste","SP"
"1224","canoas","RS"
"1225","mombuca","SP"
"1226","sete lagoas","MG"
"1227","campo do meio","MG"
"1228","cordeiropolis","SP"
"1229","uberlandia","MG"
"1230","santa barbara d oeste","SP"
"1231","volta redonda","SP"
"1232","04482255","RJ"
"1233","aracatuba","SP"
"1234","monte siao","MG"
"1235","garuva","SC"
"1236","bonfinopolis de minas","MG"
"1237","cosmopolis","SP"
"1238","pocos de caldas","MG"
"1239","artur nogueira","SP"
"1240","joao pessoa","PB"
"1241","dois corregos","SP"
"1242","araquari","SC"
"1243","belo horizonte","SP"
"1244","novo hamburgo, rio grande do sul, brasil","RS"
"1245","floranopolis","SC"
"1246","sumare","SP"
"1247","guaira","PR"
"1248","cachoeiro de itapemirim","ES"
"1249","serrana","SP"
"1250","rolandia","PR"
"1251","congonhas","MG"
"1252","sao  jose dos pinhais","PR"
"1253","boituva","SP"
"1254","mairipora","SP"
"1255","guaimbe","SP"
"1256","parai","RS"
"1257","aperibe","RJ"
"1258","jaguaruna","SC"
"1259","vila velha","SP"
"1260","juiz de fora","MG"
"1261","fronteira","MG"
"1262","novo horizonte","SP"
"1263","pilar do sul","SP"
"1264","itajobi","SP"
"1265","cariacica / es","ES"
"1266","prados","MG"
"1267","mucambo","CE"
"1268","montes claros","MG"
"1269","vicosa","MG"
"1270","porto velho","RO"
"1271","sao jose do rio pardo","SP"
"1272","pato branco","PR"
"1273","sao joao del rei","MG"
"1274","presidente prudente","SP"
"1275","paracambi","RJ"
"1276","serra negra","SP"
"1277","sao caetano do sul","SP"
"1278","juiz de fora","SP"
"1279","bom jardim","RJ"
"1280","serra redonda","PB"
"1281","sao francisco do sul","SC"
"1282","vila velha","ES"
"1283","betim","MG"
"1284","imbituva","PR"
"1285","guaratuba","PR"
"1286","porto alegre","SP"
"1287","teresina","PI"
"1288","sao miguel d'oeste","SC"
"1289","california","PR"
"1290","japira","PR"
"1291","foz do iguacu","PR"
"1292","nova friburgo","RJ"
"1293","itau de minas","MG"
"1294","oliveira","MG"
"1295","sabara","MG"
"1296","pedrinhas paulista","SP"
"1297","votuporanga","SP"
"1298","holambra","SP"
"1299","ararangua","SC"
"1300","pinhais","PR"
"1301","pato bragado","PR"
"1302","carazinho","RS"
"1303","arinos","MG"
"1304","sao pedro","SP"
"1305","lages","SC"
"1306","ampere","PR"
"1307","itauna","MG"
"1308","mogi mirim","SP"
"1309","curitibanos","SC"
"1310","brasilia df","DF"
"1311","mogi das cruses","SP"
"1312","hortolandia","SP"
"1313","ipatinga","MG"
"1314","laguna","SP"
"1315","dores de campos","MG"
"1316","sao paulo - sp","SP"
"1317","araras","SP"
"1318","divisa nova","MG"
"1319","igaracu do tiete","SP"
"1320","pitangueiras","SP"
"1321","campo grande","MS"
"1322","garca","SP"
"1323","presidente epitacio","SP"
"1324","sbc/sp","SP"
"1325","arraial d'ajuda (porto seguro)","BA"
"1326","pacatuba","CE"
"1327","formosa","GO"
"1328","borda da mata","MG"
"1329","ubatuba","SP"
"1330","entre rios do oeste","PR"
"1331","formiga","MG"
"1332","venancio aires","RS"
"1333","navegantes","SC"
"1334","cruzeiro","SP"
"1335","santa maria","RS"
"1336","muriae","MG"
"1337","volta redonda","RJ"
"1338","santo andre/sao paulo","SP"
"1339","ipe","RS"
"1340","messias targino","RN"
"1341","varginha","MG"
"1342","botucatu","SP"
"1343","domingos martins","ES"
"1344","uberaba","MG"
"1345","coronel fabriciano","MG"
"1346","cachoeirinha","RS"
"1347","s jose do rio preto","SP"
"1348","taruma","SP"
"1349","pirassununga","SP"
"1350","aruja","SP"
"1351","sp / sp","SP"
"1352","angra dos reis","RJ"
"1353","juzeiro do norte","CE"
"1354","laurentino","SC"
"1355","flores da cunha","RS"
"1356","montenegro","RS"
"1357","pedregulho","SP"
"1358","novo hamburgo","RS"
"1359","torres","RS"
"1360","aracaju","SE"
"1361","santa catarina","SC"
"1362","joao pinheiro","MG"
"1363","bady bassitt","SP"
"1364","sinop","MT"
"1365","guarapuava","PR"
"1366","araucaria","PR"
"1367","vitoria","ES"
"1368","batatais","SP"
"1369","lagoa santa","MG"
"1370","chapeco","SC"
"1371","umuarama","PR"
"1372","belford roxo","RJ"
"1373","cariacica","ES"
"1374","monte alegre do sul","SP"
"1375","sp","SP"
"1376","lagoa da prata","MG"
"1377","rolante","RS"
"1378","teresopolis","RJ"
"1379","itaporanga","SP"
"1380","campo largo","PR"
"1381","sao joao de meriti","RJ"
"1382","maua/sao paulo","SP"
"1383","bom jesus dos perdoes","SP"
"1384","brotas","SP"
"1385","irece","BA"
"1386","coxim","MS"
"1387","jau","SP"
"1388","conselheiro lafaiete","MG"
"1389","amparo","SP"
"1390","sao miguel do oeste","SC"
"1391","gaspar","SC"
"1392","rio bonito","RJ"
"1393","mandaguari","PR"
"1394","curitiba","SP"
"1395","vargem grande paulista","SP"
"1396","jacutinga","MG"
"1397","conchal","SP"
"1398","cambe","PR"
"1399","marialva","PR"
"1400","alfenas","MG"
"1401","balneario camboriu","SC"
"1402","palhoca","SC"
"1403","sao bernardo do capo","SP"
"1404","guara","SP"
"1405","itajai","SP"
"1406","colatina","ES"
"1407","franco da rocha","SP"
"1408","lambari","MG"
"1409","mogi das cruzes / sp","SP"
"1410","treze tilias","SC"
"1411","rio de janeiro \rio de janeiro","RJ"
"1412","paulo lopes","SC"
"1413","santa cecilia","SC"
"1414","braco do norte","SC"
"1415","floresta","PR"
"1416","farroupilha","RS"
"1417","castro","PR"
"1418","luziania","GO"
"1419","joao monlevade","MG"
"1420","pelotas","RS"
"1421","sao bento","PB"
"1422","campos dos goytacazes","RJ"
"1423","ouro fino","MG"
"1424","sao jose dos pinhas","PR"
"1425","tiete","SP"
"1426","viamao","RS"
"1427","janauba","MG"
"1428","capivari","SP"
"1429","santa terezinha de itaipu","PR"
"1430","igrejinha","RS"
"1431","sao bento do sul","SC"
"1432","duque de caxias","RJ"
"1433","araxa","MG"
"1434","canoinhas","SC"
"1435","recife","PE"
"1436","barbacena/ minas gerais","MG"
"1437","vera cruz","SP"
"1438","parnamirim","RN"
"1439","santo angelo","RS"
"1440","paincandu","PR"
"1441","palhoca","SP"
"1442","tres rios","RJ"
"1443","tanabi","SP"
"1444","portoferreira","SP"
"1445","itatiba","SP"
"1446","sarandi","PR"
"1447","cravinhos","SP"
"1448","chapeco","SP"
"1449","morrinhos","GO"
"1450","bebedouro","SP"
"1451","almirante tamandare","PR"
"1452","bertioga","SP"
"1453","natal","RN"
"1454","belo horizont","MG"
"1455","ivoti","RS"
"1456","andira-pr","PR"
"1457","cerqueira cesar","SP"
"1458","marapoama","SP"
"1459","imigrante","RS"
"1460","mairinque","SP"
"1461","sao jose dos pinhais","SP"
"1462","sao paulo sp","SP"
"1463","rio de janeiro / rio de janeiro","RJ"
"1464","andradas","SP"
"1465","sando andre","SP"
"1466","nova odessa","SP"
"1467","paulinia","SP"
"1468","extrema","MG"
"1469","olimpia","SP"
"1470","angra dos reis rj","RJ"
"1471","ronda alta","RS"
"1472","sao  paulo","SP"
"1473","sao vicente","SP"
"1474","pinhais/pr","PR"
"1475","portao","RS"
"1476","registro","SP"
"1477","ao bernardo do campo","SP"
"1478","carmo do cajuru","MG"
"1479","embu das artes","SP"
"1480","fernando prestes","SP"
"1481","castro pires","MG"
"1482","vargem grande do sul","SP"
"1483","campina das missoes","RS"
"1484","sao pedro da aldeia","RJ"
"1485","miguelopolis","SP"
"1486","itapui","SP"
"1487","sbc","SP"
"1488","londrina","SP"
"1489","andradas","MG"
"1490","neopolis","SE"
"1491","mineiros do tiete","SP"
"1492","varzea paulista","SP"
"1493","nova lima","MG"
"1494","barbacena","MG"
"1495","caieiras","SP"
"1496","buritama","SP"
"1497","erechim","RS"
"1498","itapetininga","SP"
"1499","pinhalzinho","SC"
"1500","descalvado","SP"
"1501","pitanga","PR"
"1502","bage","RS"
"1503","taio","SC"
"1504","santa barbara d'oeste","SP"
"1505","patos de minas","MG"
"1506","garulhos","SP"
"1507","jarinu","SP"
"1508","nova petropolis","RS"
"1509","ribeirao preto / sao paulo","SP"
"1510","camboriu","SC"
"1511","nova trento","SC"
"1512","sao luis","MA"
"1513","sao jose do rio pret","SP"
"1514","eusebio","CE"
"1515","itaipulandia","PR"
"1516","ipira","BA"
"1517","campo magro","PR"
"1518","tiradentes","MG"
"1519","sao paluo","SP"
"1520","baependi","MG"
"1521","embu guacu","SP"
"1522","florianopolis","SP"
"1523","paraiso do sul","RS"
"1524","aparecida","SP"
"1525","cataguases","MG"
"1526","ipira","SP"
"1527","bariri","SP"
"1528","abadia de goias","GO"
"1529","alambari","SP"
"1530","ji parana","RO"
"1531","vassouras","RJ"
"1532","lorena","SP"
"1533","rodeio","SC"
"1534","louveira","SP"
"1535","guanhaes","MG"
"1536","santo antonio de padua","RJ"
"1537","presidente getulio","SC"
"1538","pinhalzinho","SP"
"1539","campos novos","SC"
"1540","eunapolis","BA"
"1541","engenheiro coelho","SP"
"1542","rio das pedras","SP"
"1543","afonso claudio","ES"
"1544","carapicuiba / sao paulo","SP"
"1545","centro","MG"
"1546","parana","PR"
"1547","indaial","SC"
"1548","bombinhas","SC"
"1549","orlandia","SP"
"1550","itapeva","SP"
"1551","sao sebastiao","SP"
"1552","macatuba","SP"
"1553","sao joao da boa vista","SP"
"1554","teixeira soares","PR"
"1555","mandaguacu","PR"
"1556","rio do oeste","SC"
"1557","vendas@creditparts.com.br","PR"
"1558","armacao dos buzios","RJ"
"1559","mateus leme","MG"
"1560","sao paulop","SP"
"1561","campo limpo paulista","SP"
"1562","socorro","SP"
"1563","serra","ES"
"1564","bocaiuva do sul","PR"
"1565","ilheus","BA"
"1566","imbe","RS"
"1567","soledade","RS"
"1568","cajamar","SP"
"1569","rio negrinho","SC"
"1570","clementina","SP"
"1571","francisco morato","SP"
"1572","rio grande","RS"
"1573","xaxim","SC"
"1574","manaus","AM"
"1575","terra boa","PR"
"1576","minas gerais","MG"
"1577","avare","SP"
"1578","ibirite","MG"
"1579","guaira","SP"
"1580","santa maria da serra","SP"
"1581","auriflama","SP"
"1582","condor","RS"
"1583","ibia","MG"
"1584","guanambi","BA"
"1585","caucaia","CE"
"1586","blumenau","SP"
"1587","cordilheira alta","SC"
"1588","carmo da mata","MG"
"1589","ouro preto","MG"
"1590","pedro leopoldo","MG"
"1591","santa rosa de viterbo","SP"
"1592","xanxere","SC"
"1593","alvares machado","SP"
"1594","scao jose do rio pardo","SP"
"1595","ribeirao das neves","MG"
"1596","medianeira","PR"
"1597","massaranduba","SC"
"1598","cornelio procopio","PR"
"1599","pirituba","SP"
"1600","jambeiro","SP"
"1601","sao leopoldo","RS"
"1602","aguas claras df","SP"
"1603","ribeirao pretp","SP"
"1604","cianorte","PR"
"1605","feira de santana","BA"
"1606","cachoeira do sul","RS"
"1607","guariba","SP"
"1608","sao sebastiao da grama/sp","SP"
"1609","dracena","SP"
"1610","ourinhos","SP"
"1611","rio bonito","SP"
"1612","robeirao preto","SP"
"1613","cacador","SC"
"1614","gama","DF"
"1615","queimados","RJ"
"1616","cananeia","SP"
"1617","presidente bernardes","SP"
"1618","pinhalao","PR"
"1619","sombrio","SC"
"1620","campo mourao","PR"
"1621","ilicinea","MG"
"1622","itabira","MG"
"1623","marechal candido rondon","PR"
"1624","barrinha","SP"
"1625","jussara","PR"
"1626","marechal candido rondon","PA"
"1627","pinhais","SP"
"1628","uniao da vitoria","PR"
"1629","triunfo","RS"
"1630","santa cruz do sul","RS"
"1631","colorado","PR"
"1632","itapema","SC"
"1633","sapiranga","RS"
"1634","paranavai","PR"
"1635","alvorada","RS"
"1636","ipaussu","SP"
"1637","rio verde","GO"
"1638","mage","RJ"
"1639","tabao da serra","SP"
"1640","bofete","SP"
"1641","picarras","SC"
"1642","marica","RJ"
"1643","jaragua","GO"
"1644","governador valadares","MG"
"1645","rio de janeiro, rio de janeiro, brasil","RJ"
"1646","pouso alegre","MG"
"1647","timoteo","MG"
"1648","muqui","ES"
"1649","ipua","SP"
"1650","jacarei / sao paulo","SP"
"1651","varzea alegre","CE"
"1652","guaratingueta","SP"
"1653","tambau","SP"
"1654","irati","PR"
"1655","riberao preto","SP"
"1656","aparecida de goiania","GO"
"1657","bandeirantes","PR"
"1658","vitoria de santo antao","PE"
"1659","palotina","PR"
"1660","leme","SP"
